dataset,graph_section,components,num_nodes,num_edges,num_edge_types,diameter,mean_distance,density,connectivity,mean_degree,median_degree,max_degree,stdev_degree,skewness_degree,kurtosis_degree
umls,full graph,1.0,135.0,6529.0,46.0,2.0,1.6076285240464343,0.0078460355228687,4.0,96.72592592592592,71.0,382.0,87.44263132071684,1.842985060909829,2.912410377634819
fb15k-237,full graph,6.0,14541.0,310116.0,237.0,,,6.188952459302923e-06,0.0,42.65401279141737,26.0,8642.0,127.7005295006248,34.06695868568968,1777.591915552585
wnrr,full graph,13.0,40943.0,93003.0,11.0,,,5.043773288613625e-06,0.0,4.543047651613218,3.0,521.0,8.575309746146905,26.1498743596133,1095.895281680619
